
-- This file is generated by the DataFiller free software.
-- This software comes without any warranty whatsoever.
-- Use at your own risk. Beware, this script may destroy your data!
-- License is GPLv3, see http://www.gnu.org/copyleft/gpl.html
-- Get latest version from http://www.coelho.net/datafiller.html

-- Data generated by: /usr/local/bin/datafiller
-- Version 2.0.1-dev (r832 on 2015-11-01)
-- For postgresql on 2017-05-03T12:34:39.879063 (UTC)
-- 
-- fill table data.user (2)
\echo # filling table data.user (2)
COPY data.user (id,name,email,"password") FROM STDIN (FREEZE ON);
1	alice	alice@email.com	pass
2	bob	bob@email.com	pass
\.
-- 
-- fill table data.todo (6)
\echo # filling table data.todo (6)
COPY data.todo (id,todo,private,owner_id) FROM STDIN (FREEZE ON);
1	item_1	FALSE	1
2	item_2	TRUE	1
3	item_3	FALSE	1
4	item_4	TRUE	2
5	item_5	TRUE	2
6	item_6	FALSE	2
\.
-- 
-- restart sequences
ALTER SEQUENCE data.user_id_seq RESTART WITH 3;
ALTER SEQUENCE data.todo_id_seq RESTART WITH 7;
-- 
-- analyze modified tables
ANALYZE data.user;
ANALYZE data.todo;

-- ...
set search_path = data, public;
\echo # filling table client (3)
COPY client (id,name,address,user_id,created_on,updated_on) FROM STDIN (FREEZE ON);
1	Apple	address_1_	1	2017-07-18 11:31:12	\N
2	Microsoft	address_1_	1	2017-07-18 11:31:12	\N
3	Amazon	address_1_	2	2017-07-18 11:31:12	\N
\.

\echo # filling table project (4)
COPY project (id,name,client_id,user_id,created_on,updated_on) FROM STDIN (FREEZE ON);
1	MacOS	1	1	2017-07-18 11:31:12	\N
2	Windows	2	1	2017-07-18 11:31:12	\N
3	IOS	1	1	2017-07-18 11:31:12	\N
4	Office	2	1	2017-07-18 11:31:12	\N
\.

\echo # filling table task (5)
COPY task (id,name,completed,project_id,user_id,created_on,updated_on) FROM STDIN (FREEZE ON);
1	Design a nice UI	TRUE	1	1	2017-07-18 11:31:12	\N
2	Write some OS code	FALSE	1	1	2017-07-18 11:31:12	\N
3	Start aggressive marketing	TRUE	2	1	2017-07-18 11:31:12	\N
4	Get everybody to love it	TRUE	3	1	2017-07-18 11:31:12	\N
5	Move everything to cloud	TRUE	4	1	2017-07-18 11:31:12	\N
\.

\echo # filling table project_comment (2)
COPY project_comment (id,body,project_id,user_id,created_on,updated_on) FROM STDIN (FREEZE ON);
1	This is going to be awesome	1	1	2017-07-18 11:31:12	\N
2	We still have the marketshare, we should keep it that way  	2	1	2017-07-18 11:31:12	\N
\.

\echo # filling table task_comment (2)
COPY task_comment (id,body,task_id,user_id,created_on,updated_on) FROM STDIN (FREEZE ON);
1	Arn't we awesome?	1	1	2017-07-18 11:31:12	\N
2	People are going to love the free automated install when they see it in the morning	3	1	2017-07-18 11:31:12	\N
\.

-- 
ALTER SEQUENCE client_id_seq RESTART WITH 4;
ALTER SEQUENCE project_id_seq RESTART WITH 5;
ALTER SEQUENCE task_id_seq RESTART WITH 6;
ALTER SEQUENCE project_comment_id_seq RESTART WITH 3;
ALTER SEQUENCE task_comment_id_seq RESTART WITH 3;

-- 
ANALYZE client;
ANALYZE project;
ANALYZE task;
ANALYZE project_comment;
ANALYZE task_comment;
